municipio,codigo,gentilico,prefeito,area_km2,populacao_censo_2022,densidade_hab_km2,populacao_estimada_2025,escolarizacao_pct,idhm,mortalidade_infantil,receitas_brutas,despesas_brutas,pib_per_capita
Acauã,2200053,acauãnense,REGINALDO RAIMUNDO RODRIGUES,1196.75,6420,5.01,6323,99.61,0.528,24.39,38794003.1,35941654.43,13228.09
Agricolândia,2200103,agricolandiense,MARCOS ANTONIO CARVALHO DE SOUSA,112.392,4940,43.95,5016,99.59,0.599,,42232174.25,39774199.27,11606.34
Água Branca,2200202,água-branquense,JOSE RIBEIRO DA CRUZ JUNIOR,96.843,17573,181.46,18095,99.17,0.639,8.3,128040406.73,107175427.35,17272.65
Alagoinha do Piauí,2200251,alagoinhense,PEDRO OTACILIO DE SOUSA MOURA,535.89,6819,12.72,6876,95.81,0.531,,33681791.03,31291090.71,11847.35
Alegrete do Piauí,2200277,alegretense,MARCIO WILLIAN MAIA ALENCAR,243.732,4634,19.01,4707,97.67,0.585,18.18,37896891.52,33969541.53,12162.15
Alto Longá,2200301,longaense,BELAUTO MOREIRA TORRES,1743.331,13479,7.73,13729,99.27,0.585,16.39,62800543.98,61022209.19,10899.42
Altos,2200400,altoense,MAXWELL PIRES FERREIRA,957.226,47453,49.57,50094,98.91,0.614,20.91,237822934.6,240687827.29,16119.4
Alvorada do Gurguéia,2200459,alvoradense,LECIO GUSTAVO SOUSA BEZERRA,2131.517,5322,2.5,5474,99.02,0.578,,40811020.47,36064302.95,20497.64
Amarante,2200509,amarantino,ADRIANO DA GUIA DA SILVA,1180.193,17234,14.96,17594,98.24,0.598,34.63,107624630.45,98479276.18,14155.37
Angical do Piauí,2200608,angicalense,BRUNO FERREIRA SOBRINHO NETO,222.023,6827,30.75,6991,99.34,0.63,32.26,45929670.16,41057399.07,12417.16
Anísio de Abreu,2200707,anisiense,RAMON RUBEN DE MACÊDO,337.876,9407,27.84,9649,98.95,0.594,54.05,61904330.32,60738251.89,13286.92
Antônio Almeida,2200806,antônio-almeidense,MARCELO TOLEDO LAURINI,644.801,3152,4.89,3234,97.78,0.62,,43082685.0,38679476.33,62696.38
Aroazes,2200905,aroazense,MANOEL PORTELA DE CARVALHO NETO,821.211,5369,6.54,5413,100.0,0.583,63.83,45786173.24,43019223.64,12942.71
Aroeiras do Itaim,2200954,aroeirense,FRANCISCO MARCIANO MACEDO,316.235,2690,8.51,2777,99.18,0.519,55.56,29477625.29,27326383.77,11724.87
Arraial,2201002,arraialense,ALDEMES BARROSO DA SILVA,619.21,4520,6.62,4517,100.0,0.56,17.54,44515225.72,40560184.23,13303.84
Assunção do Piauí,2201051,assunçãoense,JOVELINO SOARES DA SILVA,1690.698,7452,4.41,7596,99.7,0.499,11.24,57396725.95,58492648.03,10875.6
Avelino Lopes,2201101,avelino-lopense,FLÁVIO JOSÉ ALVES,1220.369,10866,8.9,11118,98.32,0.554,13.16,68038254.48,66810149.12,11700.46
Baixa Grande do Ribeiro,2201150,baixagrandense do ribeiro,JOSÉ LUIS SOUSA,7808.913,13272,1.7,13983,99.22,0.564,11.24,172465795.6,146995258.95,200215.82
Barra D'Alcântara,2201176,barra d’alcantarense,MARDONIO SOARES LOPES,263.943,3995,15.14,4099,100.0,0.577,37.04,33105961.36,31123237.47,11832.45
Barras,2201200,barrense,EDILSON SÉRVULO DE SOUSA,1722.506,47938,27.83,49703,99.53,0.595,13.89,250231568.64,233731649.93,14048.62
Barreiras do Piauí,2201309,barreirense,MANOEL AROLDO BARREIRA FILHO,2168.713,3264,1.51,3336,99.04,0.557,40.0,36917387.39,32760195.97,42138.94
Barro Duro,2201408,barro-durense,ELOI PEREIRA DE SOUSA,159.436,6640,41.65,6731,97.23,0.612,18.52,43685215.28,45319009.4,15795.87
Batalha,2201507,batalhense,JOSÉ LUIZ ALVES MACHADO,1584.255,26300,16.55,27129,98.77,0.545,6.56,121082852.8,111467384.79,11641.69
Bela Vista do Piauí,2201556,bela vistense,FRANCISCO DE SOUSA NETO,499.092,4091,8.2,4225,96.99,0.576,,31507440.85,26411611.22,15468.75
Belém do Piauí,2201572,belenense,JÔNATHAS DE CARVALHO NORONHA,243.234,3423,14.07,3515,99.54,0.551,31.25,42169935.72,39221026.61,13883.53
Beneditinos,2201606,beneditinense,TALLES GUSTAVO MARQUES RODRIGUES,937.443,9929,10.6,10093,97.93,0.557,10.31,71498506.99,67701879.55,11911.09
Bertolínia,2201705,bertolinense,RODRIGO DA ROCHA MARTINS,1216.116,5562,4.57,5715,99.11,0.612,,47530601.53,44060977.42,16332.93
Betânia do Piauí,2201739,betanhense,IJOSEVAN COELHO DAMASCENO,667.433,6220,10.73,6596,98.48,0.489,18.18,47065116.76,43658110.32,19313.04
Boa Hora,2201770,boa horense,DOMINGOS COELHO DE RESENDE,339.902,6902,20.48,7140,99.58,0.575,33.71,43718675.66,38898894.17,11296.52
Bocaina,2201804,bocainense,GUILHERME PORTELA DE DEUS MACÊDO,261.49,4078,15.59,4118,98.61,0.632,54.05,33261154.12,33706113.23,13152.78
Bom Jesus,2201903,bom-jesuense,NESTOR RENATO PINHEIRO ELVAS,5470.984,28796,5.26,30658,99.07,0.668,10.14,231497160.58,221979240.82,57705.04
Bom Princípio do Piauí,2201919,bomprincipiense,FRANCISCO APOLINARIO COSTA MORAES,523.143,5636,10.77,5805,99.24,0.532,29.85,35732436.58,34387669.23,14666.17
Bonfim do Piauí,2201929,bonfinense,PAULO HENRIQUE RIBEIRO,289.149,5913,20.45,6117,99.7,0.542,26.32,38205675.18,35988883.22,11517.94
Boqueirão do Piauí,2201945,boqueirãoense,GENIR FERREIRA DA SILVA,271.024,6545,24.26,6751,99.79,0.56,12.35,38780366.9,36702498.6,10301.58
Brasileira,2201960,brasileirense,RANIERI MAZZILLE RAMOS DE MENESES,880.836,8436,9.58,8684,98.85,0.577,,64061639.33,62699858.56,11986.39
Brejo do Piauí,2201988,brejense,FABIANO FEITOSA LIRA,2267.326,3904,1.72,3964,97.94,0.515,20.41,41228683.76,39327788.84,14845.3
Buriti dos Lopes,2202000,buritiense,LAURA ROSA COLLINS DE OLIVEIRA PORTELA,690.539,19654,28.46,20130,99.69,0.565,,150874502.44,150259478.71,14064.64
Buriti dos Montes,2202026,buritiense,JOSÉ OLAVO MARINHO DE LOIOLA JÚNIOR,2437.329,7434,3.05,7517,100.0,0.574,18.52,69534868.82,62151756.71,13272.71
Cabeceiras do Piauí,2202059,cabeceirense,JOSE DA SILVA FILHO,608.744,10212,16.78,10466,98.77,0.583,,67715445.82,58587546.03,10557.84
Cajazeiras do Piauí,2202075,cajazerense,CARLOS ALBERTO SILVESTRE DE SOUSA,515.427,3108,6.05,3135,100.0,0.562,20.0,35917628.36,38061631.88,14683.77
Cajueiro da Praia,2202083,pratense,FELIPE DE CARVALHO RIBEIRO,271.165,7957,29.34,8246,98.88,0.546,17.7,52895475.75,48491003.55,19161.91
Caldeirão Grande do Piauí,2202091,caldeirão grandense,DOUGLAS FILIPE SOUSA GONÇALVES,467.082,5503,11.78,5602,99.05,0.588,29.41,56168919.81,50074307.67,44297.15
Campinas do Piauí,2202109,campinense,JOMÁRIO FERREIRA DOS SANTOS,783.843,4938,6.3,4964,98.55,0.544,23.81,48306911.43,41573498.39,15233.16
Campo Alegre do Fidalgo,2202117,campo alegrense,JEAN CARLOS BRAGA RIBEIRO,657.797,4616,7.02,4698,98.31,0.537,19.23,37527852.11,36306056.48,13472.82
Campo Grande do Piauí,2202133,campo grandense,FRANCISCO JOSE BEZERRA,311.682,6020,19.31,6211,98.49,0.56,33.9,36156127.21,32054281.57,12831.1
Campo Largo do Piauí,2202174,campolargoense,JAIRO SOARES LEITAO,478.079,7419,15.52,7669,99.52,0.528,31.25,53736420.11,50149073.75,10901.91
Campo Maior,2202208,campo-maiorense,JOÃO FÉLIX DE ANDRADE FILHO,1680.863,45793,27.24,47119,99.12,0.656,17.31,299102038.74,289777004.67,20544.67
Canavieira,2202251,canavieirense,ERIKA DE ALBUQUERQUE FONSECA,2165.2,3414,1.58,3404,99.0,0.583,32.26,26858727.17,23572875.48,15240.82
Canto do Buriti,2202307,canto-buritiense,MARCUS FELLIPE NUNES ALVES,4325.643,19365,4.48,19639,98.87,0.576,15.81,104766836.57,95970421.03,17710.9
Capitão de Campos,2202406,capitão-de-campense,MARIA ERONEIDE DOS SANTOS GOMES,564.858,11100,19.42,11362,99.09,0.583,17.39,74274116.66,69202484.77,11984.82
Capitão Gervásio Oliveira,2202455,gervasense,RAIMUNDO COELHO,1132.996,3974,3.51,4071,97.29,0.553,,36496921.12,35491865.38,14772.1
Caracol,2202505,caracolense,RANILETTI CARVALHO DE MACÊDO,1610.959,10318,6.4,10546,97.15,0.552,13.25,76934851.29,76994279.08,12361.23
Caraúbas do Piauí,2202539,caraubense,ANDRESSA MARIA LEAL DE SOUSA,463.184,5630,11.95,5581,100.0,0.505,30.3,34483901.17,34566985.9,12073.98
Caridade do Piauí,2202554,caridadense,CLEIVANILSON JOSÉ DE CARVALHO,498.793,5033,10.09,5176,98.95,0.541,27.03,58401891.13,62273712.04,14417.59
Castelo do Piauí,2202604,castelense,JOSE SOARES DE ABREU JÚNIOR,2378.846,19288,8.11,19669,99.12,0.587,4.76,110505640.7,105669369.67,12158.93
Caxingó,2202653,caxingoense,MAGNUM FERNANDO CARDOSO DOS SANTOS,491.093,5496,11.19,5682,99.2,0.488,25.32,42841441.58,37275656.88,12484.71
Cocal,2202703,cocalense,CRISTIANO FELIPPE DE MELO BRITTO,1294.131,28212,21.8,29302,98.98,0.497,10.81,135483024.72,126441314.73,12471.02
Cocal de Telha,2202711,cocatelhense,KARYNE ARAGÃO CANSANÇÃO,310.254,4911,15.83,5046,100.0,0.555,19.23,39513419.29,34295918.49,12283.53
Cocal dos Alves,2202729,cocalalvense,WODSON GIAN SILVA VIEIRA,324.856,6386,19.66,6596,99.58,0.498,34.09,41699136.82,34938720.03,11496.1
Coivaras,2202737,coivarense,JOÃO DA CRUZ MOURÃO,484.465,4117,8.5,4249,100.0,0.565,40.82,36143271.72,33601815.53,12151.73
Colônia do Gurguéia,2202752,coloniense,LISIANE FRANCO ROCHA ARAÚJO,429.582,6150,14.32,6294,99.35,0.628,12.99,50729750.89,46958072.63,15113.64
Colônia do Piauí,2202778,coloniense,SELINDO MAURO CARNEIRO TAPETI SEGUNDO,938.303,6994,7.36,7067,99.24,0.588,12.5,32946213.17,30400196.0,11779.1
Conceição do Canindé,2202802,conceiçãonense,DIOGO JANES DE OLIVEIRA,824.729,4932,5.98,5078,100.0,0.589,,36927003.87,32488284.02,17925.48
Coronel José Dias,2202851,coronelino,VICTOR CESAR DE CARVALHO,1926.095,4250,2.21,4291,97.56,0.546,18.18,39819743.33,38037169.32,13110.13
Corrente,2202901,correntino,FILEMON JOSÉ FRANCISCO DE SOUZA NOGUEIRA PARANAGUÁ,3048.746,27278,8.95,28381,98.31,0.642,17.94,154420982.28,149833164.45,28016.04
Cristalândia do Piauí,2203008,cristalandense,MOISÉS DA CUNHA LEMOS FILHO,1202.898,7356,6.12,7431,98.35,0.573,10.64,54561188.63,52748362.72,12173.36
Cristino Castro,2203107,cristino-castrense,FELIPE FERREIRA DIAS,1845.69,10503,5.69,10801,99.19,0.566,14.29,80446362.34,79335106.66,14823.95
Curimatá,2203206,curimataense,JOSE ADELMO DA SILVA,2344.949,11270,4.81,11581,99.0,0.607,45.71,68274529.17,65157472.49,16527.0
Currais,2203230,curralense,RAIMUNDO MARTINS DE SOUSA SANTOS SOBRINHO,3156.695,4854,1.54,4977,99.66,0.542,,60684489.63,59212580.17,117417.76
Curralinhos,2203255,curralinhense,EVERARDO LIMA ARAUJO,344.123,4413,12.76,4555,100.0,0.555,37.74,38416565.58,37497849.2,12173.89
Curral Novo do Piauí,2203271,curral novense,EDGAR FRANCISCO DO NASCIMENTO JUNIOR,755.252,5073,6.72,5191,99.61,0.527,21.74,57584401.98,52523593.16,19440.19
Demerval Lobão,2203305,morrinhense,LUIS GONZAGA DE CARVALHO JUNIOR,220.047,16352,75.42,17139,99.8,0.618,29.05,106847736.57,98800225.22,21011.05
Dirceu Arcoverde,2203354,arcoverdense,WALLACE RAMON CAFÉ E SILVA,1005.572,7054,7.01,7259,99.07,0.561,12.66,51822415.21,51028883.63,12703.54
Dom Expedito Lopes,2203404,dom-expedito-lopense,ABIMAEL JOSÉ DO NASCIMENTO LIMA,218.808,6320,28.88,6410,99.69,0.601,42.25,38082435.41,37426792.72,14868.51
Domingos Mourão,2203420,domingos-mouronense,MARIA IRINELDA GOMES DE OLIVEIRA SILVA,848.705,4075,4.8,4129,99.64,0.55,,39774120.93,36698142.72,13728.32
Dom Inocêncio,2203453,inocentino,FERNANDE RIBEIRO DE CASTRO FILHO,3871.83,9159,2.37,9332,99.31,0.549,9.52,35917628.36,38061631.88,23191.4
Elesbão Veloso,2203503,elesbonense,JOSÉ RONALDO GOMES BARBOSA,1383.976,13607,9.83,13743,99.46,0.58,15.75,71618205.98,65471578.3,15350.39
Eliseu Martins,2203602,eliseu-martinino,MARCOS AURÉLIO GUIMARÃES DE ARAUJO,1097.866,4377,3.99,4421,99.33,0.595,,34323259.74,30579229.37,15043.25
Esperantina,2203701,esperantinense,IVANARIA DO NASCIMENTO ALVES SAMPAIO,911.736,40970,45.08,42710,99.03,0.605,11.38,194483890.67,201712084.16,15398.9
Fartura do Piauí,2203750,farturense,ORLANDO COSTA CAMPINHO BRAGA,713.047,5284,7.41,5426,98.17,0.548,12.99,44749431.66,42633085.03,11947.83
Flores do Piauí,2203800,florentino-do-piauí,EVANDRO FERREIRA DA COSTA,946.72,4414,4.66,4512,99.6,0.547,20.83,35438696.0,31864080.21,12494.08
Floresta do Piauí,2203859,florestense,CLAUDIONOR URBANO DE OLIVEIRA,221.519,2333,10.45,2354,96.96,0.538,,37833392.67,40203218.84,13563.0
Floriano,2203909,florianense,ANTÔNIO REIS NETO,3407.978,62036,18.2,64393,99.24,0.7,10.55,349745159.78,322005149.61,27298.79
Francinópolis,2204006,francinopolitano,ANTÔNIO LUIZ DANTAS DA FONSECA,268.704,4505,16.77,4481,100.0,0.564,,39220771.24,35025971.41,12694.99
Francisco Ayres,2204105,airense,EUGÊNIA DE SOUSA NUNES,682.514,4412,6.72,4548,99.32,0.577,,35045406.95,31648895.64,15148.0
Francisco Macedo,2204154,francisco macedense,ADEILSON ANTÃO DE CARVALHO,179.245,2929,16.34,2985,99.41,0.553,24.39,35814551.26,29600257.4,12788.14
Francisco Santos,2204204,francisco-santense,JOSÉ EDSON DE CARVALHO,492.191,8237,16.74,8349,99.02,0.608,22.73,41514282.7,42937928.96,13541.51
Fronteiras,2204303,fronteirense,EUDES AGRIPINO RIBEIRO,777.179,10259,13.2,10344,97.92,0.619,24.1,72231036.22,68067818.41,13660.66
Geminiano,2204352,geminianense,FRANCISCO JAILLSON DA SILVA CAMPOS,440.606,5445,12.36,5604,97.59,0.561,14.93,34838999.98,32805477.13,13018.59
Gilbués,2204402,gilbuense,AMILTON LUSTOSA FIGUEREDO FILHO,3495.692,10892,3.12,11193,99.72,0.548,5.18,86359959.9,83546956.69,45029.85
Guadalupe,2204501,guadalupense,JESSE JAMES LIMA MIRANDA,1026.538,10270,10.0,10480,99.22,0.65,17.05,76630026.75,77178591.67,56958.73
Guaribas,2204550,guaribano,JOÉRCIO MATIAS DE ANDRADE,3118.231,4276,1.37,4344,98.46,0.508,25.0,38693316.8,33864109.4,14100.55
Hugo Napoleão,2204600,hugo-napoleonense,LUCIANO BARRETO DE CARVALHO FILHO,224.573,3518,15.67,3550,98.87,0.599,81.08,31686332.94,31190193.56,11700.17
Ilha Grande,2204659,ilhagrandense,MARINA DE OLIVEIRA BRITO,129.696,9274,71.51,9522,99.65,0.563,15.63,51705182.18,48276855.0,14324.15
Inhuma,2204709,inhumense,ELBERT HOLANDA MOURA,978.222,14958,15.29,15268,99.34,0.624,20.0,72272664.2,71275980.22,12709.56
Ipiranga do Piauí,2204808,ipiranguense,FRANCISCO ELVIS RAMOS VIEIRA,529.417,9420,17.79,9627,100.0,0.63,10.1,54464556.78,49897788.51,10805.77
Isaías Coelho,2204907,isaiense,WALDEMAR MAURIZ FILHO,800.687,7774,9.71,7867,98.39,0.582,,51644298.91,44387826.7,12081.16
Itainópolis,2205003,itainopolense,MIGUEL RODRIGUES DE MOURA,827.62,10790,13.04,10969,98.51,0.541,19.42,62999327.37,60798898.9,11756.39
Itaueira,2205102,itaueirense,OSMUNDO DE MORAES ANDRADE,2554.178,10323,4.04,10477,99.26,0.583,9.35,58030817.3,55219809.67,15919.97
Jacobina do Piauí,2205151,jacobinense,VANDERLEI RAIMUNDO DE CARVALHO,1333.796,5613,4.21,5711,99.58,0.535,,65472036.35,65292918.99,16246.53
Jaicós,2205201,jaicoense,JOSE WESLLY DE OLIVEIRA BISPO,866.788,17527,20.22,17789,98.96,0.524,29.13,101471761.29,91573337.23,12226.28
Jardim do Mulato,2205250,jardimulatense,DEJAIR LIMA DE SOUSA,511.42,4180,8.19,4235,97.98,0.593,47.62,36862500.19,33390087.23,12314.82
Jatobá do Piauí,2205276,jatobaense,RAIMUNDO NONATO GOMES DE OLIVEIRA,651.747,4494,6.91,4560,100.0,0.566,,33468590.57,30822658.54,15576.98
Jerumenha,2205300,jerumenhense,JOSÉ INÁCIO PEREIRA DA SILVA JÚNIOR,1865.94,4497,2.41,4606,98.68,0.591,33.33,35845738.0,32371790.2,15315.81
João Costa,2205359,joão costense,GILSON CASTRO DE ASSIS,1800.237,2970,1.65,3033,99.21,0.561,27.78,36513413.6,33338553.4,27629.45
Joaquim Pires,2205409,joaquim-pirense,DEYVISON GONÇALVES CRUZ,756.188,13886,18.75,14265,99.29,0.522,11.43,78068166.95,76866251.72,10481.29
Joca Marques,2205458,jocamarquense,FABIANNA SPINDOLA MARQUES,169.005,5394,31.92,5552,95.21,0.504,58.82,35913208.79,36834379.01,10775.79
José de Freitas,2205508,freitense,PEDRO GOMES DOS SANTOS FILHO,1538.175,42559,27.67,44689,99.68,0.618,17.61,182326553.34,216377198.49,13013.65
Juazeiro do Piauí,2205516,juazeirense,JOSE WILSON PEREIRA GOMES,935.404,5214,5.57,5308,100.0,0.57,18.87,42227553.83,39412309.06,12918.12
Júlio Borges,2205524,julio borgense,JOÃO PAULO PEREIRA E SILVA,1283.918,5388,4.2,5501,98.79,0.582,26.67,47833684.16,45519911.76,20016.12
Jurema,2205532,juremense,KAYLANNE DA SILVA OLIVEIRA,1271.881,4425,3.48,4501,98.29,0.555,39.47,49446452.55,45194406.16,13120.56
Lagoinha do Piauí,2205540,lagoinense,KELLY ALVES ALENCAR,67.649,2939,43.44,3044,99.2,0.597,,25868159.44,23089548.38,15852.26
Lagoa Alegre,2205557,lagoalegrense,OSAEL MOITA LEAL,394.207,8256,20.94,8464,99.27,0.55,51.55,60693041.29,61889505.36,11635.73
Lagoa do Barro do Piauí,2205565,lagoa do barrense,REGINALDO APARECIDO COSTA COELHO,1331.025,4995,3.75,5171,100.0,0.502,,84809992.54,76832269.15,73812.32
Lagoa de São Francisco,2205573,lagoense,JOÃO ARILSON DE MESQUITA BEZERRA,155.86,6331,40.62,6446,99.76,0.529,,50382586.64,47041712.22,10787.99
Lagoa do Piauí,2205581,lagoense,CAMILA BARBOSA SOUSA OLIVEIRA,435.871,4810,11.24,5017,99.42,0.583,18.18,34246538.36,32162367.49,20966.44
Lagoa do Sítio,2205599,sitiolagoense,JOSE SAVIO DE MOURA E SILVA,805.018,4520,5.61,4559,100.0,0.541,19.23,37133734.04,35234243.02,11843.89
Landri Sales,2205607,landri-salesiano,DELISMON SOARES PEREIRA,1088.583,5213,4.79,5309,98.68,0.584,35.09,50855179.87,47069482.84,24792.33
Luís Correia,2205706,luís-correiense,MARIA DAS DORES FONTENELE BRITO,1074.133,30641,28.53,31901,99.11,0.541,25.58,163083282.21,159705869.6,15071.51
Luzilândia,2205805,luzilandense,FERNANDA PINTO MARQUES,699.182,25375,35.96,26143,97.31,0.545,17.24,146708054.37,138600424.06,12553.79
Madeiro,2205854,madeirense,ALANDELON ARAUJO DOS SANTOS,178.843,8032,44.91,8231,100.0,0.563,8.13,41365739.12,33926994.58,10871.74
Manoel Emídio,2205904,manoel-emidense,ORLANDO ALMEIDA DE ARAUJO,1620.412,5209,3.21,5315,99.53,0.573,,34759953.67,31846484.75,13333.95
Marcolândia,2205953,marcolandense,CORINTO MACHADO DE MATOS NETO,136.786,8533,62.38,8822,97.81,0.562,7.35,72684197.46,69223029.95,22835.46
Marcos Parente,2206001,marcoense,GEDISON ALVES RODRIGUES,677.416,4724,6.97,4863,97.93,0.59,,34964382.84,32671203.68,14543.85
Massapê do Piauí,2206050,massapêense,WILTON COUTINHO SILVA,530.169,5218,9.84,5165,98.05,0.525,,40609631.2,39464582.4,11675.45
Matias Olímpio,2206100,matiense,GENIVALDO NASCIMENTO ALMEIDA,226.785,10641,46.92,10886,99.31,0.562,32.05,62424380.72,56722183.51,12453.37
Miguel Alves,2206209,miguel-alvense,FRANCISCO ANTONIO REBELO DE PAIVA,1392.122,32150,23.09,33074,98.95,0.539,18.18,198550338.77,184264074.65,13122.77
Miguel Leão,2206308,leonino,NEUZA CUNHA DE ARAÚJO,102.761,1318,14.11,1355,100.0,0.623,,24355864.03,22895185.94,26322.75
Milton Brandão,2206357,milton brandãoense,FRANCISCO EVANGELISTA RESENDE,1310.728,6542,5.0,6681,99.67,0.508,,35554443.46,33863507.22,10382.88
Monsenhor Gil,2206407,monsenhorgilense,EVANDRO LEAL DE ABREU,552.427,10255,18.06,10513,99.58,0.615,17.24,59095983.79,56041969.69,15760.8
Monsenhor Hipólito,2206506,hipolitano,ANTONIO DJALMA BEZERRA POLICARPO,401.568,7577,18.87,7762,99.32,0.561,37.38,50145968.6,49628940.97,12065.99
Monte Alegre do Piauí,2206605,montealegrense,DIJALMA GOMES MASCARENHAS,2417.394,10660,4.41,10928,98.85,0.578,,78849593.31,71236057.52,36708.6
Morro Cabeça no Tempo,2206654,morrense,JOSUÉ ALVES DA SILVA,2207.658,4377,1.98,4456,98.84,0.542,,46884286.24,50046499.01,12180.55
Morro do Chapéu do Piauí,2206670,morrochapeuense,ERIKSON FENELON AGUIAR,314.436,6425,19.56,6548,98.5,0.55,11.63,44031361.97,40842242.22,11779.57
Murici dos Portelas,2206696,muriciense,ANA LINA DE CARVALHO CUNHA SALES,475.72,9797,20.59,10210,98.23,0.53,10.2,52672051.53,48161179.25,10577.77
Nazaré do Piauí,2206704,nazareno-do-piauí,RONIELTON COSTA DE OLIVEIRA,1316.762,6665,5.07,6697,99.75,0.576,12.35,39321172.57,34925471.55,11824.78
Nazária,2206720,nazariense,JOAQUIM NONATO DA SILVA FILHO,362.376,10262,28.32,10821,98.41,0.602,,59836834.42,48336858.09,13065.29
Nossa Senhora de Nazaré,2206753,nazareno,JOSÉ HENRIQUE DE OLIVEIRA ALVES,356.872,5228,14.65,5442,100.0,0.586,,49094154.25,47750004.0,13242.08
Nossa Senhora dos Remédios,2206803,remediense,JOSÉ FERNANDO OLIVEIRA DE BRITO,357.896,8525,23.82,8751,98.62,0.533,20.0,82179241.1,79527398.7,13812.42
Novo Oriente do Piauí,2206902,novo-orientino,FRANCISCO AFONSO RIBEIRO SOBREIRA,525.906,6097,11.59,6158,100.0,0.562,,37804173.49,34123724.84,10956.76
Novo Santo Antônio,2206951,santantoniense,ELISA MARIA DA SILVA PAZ,443.873,2827,6.37,2888,100.0,0.528,,31333670.98,28315927.11,13640.99
Oeiras,2207009,oeirense,HAILTON ALVES FILHO,2696.724,38161,14.12,39687,99.38,0.634,16.29,193307181.66,188169130.08,19394.05
Olho D'Água do Piauí,2207108,olho d’aguense,ANTONIO LEAL DA SILVA,183.605,2637,14.36,2730,99.42,0.576,,27897319.5,25273642.71,14541.65
Padre Marcos,2207207,padremarcoense,WILIANE KELLY DA SILVA,278.696,6382,22.9,6468,99.43,0.541,13.7,50244299.99,47434059.79,13858.49
Paes Landim,2207306,paes-landinense,FRANCINALDO MORAES BEZERRA,401.379,4088,10.18,4176,98.55,0.575,,35255632.14,34419270.4,14242.71
Pajeú do Piauí,2207355,pajeuense,DALVAN GONÇALVES DE MOURA CARVALHO,986.961,3000,3.04,3032,100.0,0.559,,36661083.64,36246532.55,20361.28
Palmeira do Piauí,2207405,palmeirino,HUGUEMAR ROSAL LUSTOSA FILHO,2023.971,4952,2.45,5047,99.46,0.557,,46022208.81,40444645.1,36399.15
Palmeirais,2207504,palmeirense,JOSÉ BALTAZAR DE OLIVEIRA,1493.766,13264,8.88,13458,98.97,0.562,19.23,83367041.96,77454564.55,12640.47
Paquetá,2207553,paquetaense,ANDERSON CLAYTON DA SILVA BARROS,432.572,3813,8.81,3873,96.83,0.509,26.32,47903211.71,44110783.98,13956.62
Parnaguá,2207603,parnaguaense,MIGUEL OMAR BARRETO RISSI,3428.811,10103,2.95,10282,98.94,0.575,23.26,49746581.07,44783031.78,13258.33
Parnaíba,2207702,parnaibano,FRANCISCO EMANUEL CUNHA DE BRITO,436.907,162159,371.15,170491,98.39,0.687,7.88,760407257.32,721839035.03,22707.01
Passagem Franca do Piauí,2207751,passagemfranquense,SAULO VINICIUS RODRIGUES SATURNINO,643.209,4135,6.43,4222,99.09,0.561,,36965822.8,38182305.51,15170.04
Patos do Piauí,2207777,patoense,JOAQUIM LOPES DOS REIS NETO,801.403,5425,6.77,5427,98.38,0.563,22.73,44035456.22,36841121.29,12099.7
Pau D'Arco do Piauí,2207793,paudarcopiense,ANTONIO MILTON DE ABREU PASSOS,430.024,3880,9.02,3979,99.17,0.514,,27378622.74,24489620.75,11328.4
Paulistana,2207801,paulistanense,OSVALDO MAMEDIO DA COSTA,1937.343,21055,10.85,21633,99.23,0.6,14.78,145129553.68,128141377.83,17060.81
Pavussu,2207850,pavussuense,WININCIUS VILANOVA DE MIRANDA,1090.697,3628,3.33,3697,96.83,0.526,,34426581.0,35230002.17,12630.47
Pedro II,2207900,pedro-segundense,ELISABETE RODRIGUES DE OLIVEIRA NUNES BRANDÃO,1544.373,37894,24.54,39072,98.66,0.571,17.06,198226837.49,191598793.65,13193.01
Pedro Laurentino,2207934,pedro laurentinense,CARLOS HENRIQUE COELHO REIS,870.613,2458,2.82,2517,99.02,0.562,35.71,28723791.54,25852570.33,15534.9
Nova Santa Rita,2207959,Santaritense,HELI MARQUES DE CARVALHO,909.734,4076,4.48,4142,100.0,0.554,,33458352.98,29279476.88,12672.74
Picos,2208007,picoense,PABLO DANTAS DE MOURA SANTOS,577.284,83090,143.93,86701,99.4,0.698,17.26,398285568.74,373860700.47,29566.51
Pimenteiras,2208106,pimenteirense,MARIA LUCIA DE LACERDA,4555.95,11341,2.49,11487,99.32,0.566,9.8,56984661.37,64194975.8,10603.74
Pio IX,2208205,pio-nonense,SILAS NORONHA MOTA,1948.141,17613,9.04,17948,99.25,0.564,14.56,93403548.41,87250569.53,13288.76
Piracuruca,2208304,piracuruquense,FRANCISCO MARCELO CARVALHO MENDES,2309.93,28846,12.18,29721,99.34,0.596,11.36,132337287.93,119723250.81,16108.84
Piripiri,2208403,piripiriense,JOVENILIA ALVES DE OLIVEIRA MONTEIRO,1406.925,65538,46.57,67887,98.84,0.635,13.87,321717790.36,311920112.68,18956.35
Porto,2208502,portuense,ALUIZIO MOREIRA VAZ,253.114,12052,47.62,12323,98.97,0.549,,90046394.74,90701847.41,11871.67
Porto Alegre do Piauí,2208551,porto alegrense,ANTÔNIO AVELINO ROCHA DE NEIVA,1168.044,2364,2.02,2382,100.0,0.563,,31451234.16,28657788.37,20238.28
Prata do Piauí,2208601,pratense,ACELINO MENDES DE MOURA,196.786,3042,15.46,3096,99.56,0.565,,31522267.95,26695540.74,14252.26
Queimada Nova,2208650,queimadanovense,GILMAR MACEDO DE ANDRADE,1283.369,8738,6.81,8948,98.9,0.515,,59852966.63,54652934.44,21609.96
Redenção do Gurguéia,2208700,gurgueíno,ARLEI FIGUEIREDO BORGES,2470.575,8394,3.4,8565,99.66,0.589,15.38,52809362.21,46880151.32,14964.67
Regeneração,2208809,regenerense,EDUARDO ALVES CARVALHO,1247.509,17133,13.69,17400,99.13,0.591,15.94,104618929.92,100744487.27,19682.83
Riacho Frio,2208858,riacho friense,JABES LUSTOSA NOGUEIRA JUNIOR,2220.597,4165,1.88,4238,99.11,0.541,,55968757.57,52576864.21,14766.73
Ribeira do Piauí,2208874,ribeirense,ANTÔNIO LUIZ DE ARAÚJO COSTA NETO,1012.479,4055,4.01,4105,97.77,0.52,26.32,39612851.24,35971967.31,68568.72
Ribeiro Gonçalves,2208908,ribeiro-gonçalvino,AGAMENON PINHEIRO FRANCO,3987.142,6164,1.55,6182,99.1,0.601,,91984814.73,84164841.78,150461.52
Rio Grande do Piauí,2209005,rio-grandense-do-piauí,ANTONIO LUIS DA COSTA FEITOSA,635.953,5801,9.12,5845,99.22,0.572,13.89,40485734.4,38265237.42,13083.68
Santa Cruz do Piauí,2209104,santa-cruzense,LAÍS BARROSO MARTINS DOS SANTOS NUNES,562.402,5831,10.01,5872,98.37,0.601,,47557819.46,42857792.74,13385.79
Santa Cruz dos Milagres,2209153,santacruzense,EDILBERTO MENDES GUIMARAES,978.546,3435,3.51,3448,100.0,0.577,,35881729.87,31203312.4,15048.02
Santa Filomena,2209203,filomense,FERNANDO ANDRADE COELHO,5293.693,6087,1.15,6210,99.47,0.544,,64058189.63,68360702.16,129679.3
Santa Luz,2209302,santa-luzense,ARQUEL ALVES PEREIRA,1185.404,5336,4.5,5418,98.69,0.588,50.0,42029112.21,36366397.03,16432.64
Santana do Piauí,2209351,santanense,ADONALDO GONÇALVES DE SOUSA,112.189,4125,36.77,4159,99.0,0.574,,32516462.95,32436273.23,12698.11
Santa Rosa do Piauí,2209377,santarosense,MARLON RODRIGUES DE SOUSA,338.339,4650,13.74,4666,100.0,0.567,51.72,35983494.85,37118861.93,13644.03
Santo Antônio de Lisboa,2209401,santo-antoense,FRANCISCO ERIVALDO DA SILVA,376.353,5839,15.15,5930,99.03,0.584,25.97,38460348.15,39215203.87,16757.76
Santo Antônio dos Milagres,2209450,santoantonhense,PAULO CAZIMIRO DE SOUSA NETO E SILVA,34.444,2138,63.56,2169,100.0,0.619,,30194208.79,27846280.02,11826.19
Santo Inácio do Piauí,2209500,santinacense,AURO APARECIDO DE CARVALHO,845.492,3646,4.28,3682,99.17,0.613,,39441923.07,38151182.35,13507.31
São Braz do Piauí,2209559,san-brazense,DEBORAH SAYONARA SANTOS CARDOSO,656.042,4358,6.64,4454,99.4,0.596,31.75,39315633.21,35721538.95,12331.4
São Félix do Piauí,2209609,são-felicense,JOSEILSON BARBOSA NUNES,627.034,2842,4.53,2879,99.03,0.61,,32502703.04,36182449.59,13379.12
São Francisco de Assis do Piauí,2209658,sãofranciscoense,ANDRELINO MAXIMIANO DA COSTA FILHO,1072.311,5572,5.2,5713,96.92,0.485,55.56,33352323.31,38673268.11,12243.76
São Francisco do Piauí,2209708,são-franciscano,FABIANO ARAUJO DE MOURA,1341.44,5392,4.02,5358,99.26,0.57,40.0,36533660.14,32161182.28,12474.73
São Gonçalo do Gurguéia,2209757,são gonçalense,ROSELÍDIA LUSTOSA DE SOUSA MARQUES,1385.259,2947,2.13,3026,96.93,0.56,20.0,45121771.6,41630884.5,21789.25
São Gonçalo do Piauí,2209807,são-gonçalense,GERLANE FERREIRA DA SILVA CABRAL,148.484,4837,32.14,4985,100.0,0.616,20.83,32110742.57,33287689.07,16647.33
São João da Canabrava,2209856,canabravense,ELSON SILVA DE SOUSA,476.094,4242,8.83,4359,100.0,0.559,,44658801.52,40688779.85,12796.34
São João da Fronteira,2209872,são jão fronteirense,MARCOS ANTONIO DE ANDRADE MATEUS,817.115,5522,6.76,5608,99.61,0.515,,37679654.26,34853045.56,13571.17
São João da Serra,2209906,serra-jonense,JOÃO FRANCISCO GOMES DA ROCHA,994.224,6114,6.15,6232,100.0,0.582,,34253348.83,31390490.2,11896.97
São João da Varjota,2209955,sanjoanense,JOSE DOS SANTOS BARBOSA,394.457,4383,11.11,4430,100.0,0.559,,39458318.17,33933663.74,10481.35
São João do Arraial,2209971,são jãoense,ABDORAL MELO DA SILVA,215.149,8186,38.36,8494,99.51,0.523,7.94,63392533.23,60443602.1,11715.58
São João do Piauí,2210003,sanjoanense,EDNEI MODESTO AMORIM,1527.488,21421,14.02,22137,99.24,0.645,14.88,133794673.72,134241396.79,19535.91
São José do Divino,2210052,sãojoseense,MILTON GOMES MACHADO,391.157,4841,15.16,5317,100.0,0.565,16.13,40696117.75,36084615.35,17147.17
São José do Peixe,2210102,são-joseense,CELSO ANTÔNIO MENDES COIMBRA,1287.174,3297,2.56,3300,100.0,0.573,,31032038.32,28248141.79,15177.13
São José do Piauí,2210201,são-joseense,ADMAELTON BEZERRA SOUSA,373.347,6597,17.67,6733,100.0,0.552,,35920247.1,30133469.09,12280.81
São Julião,2210300,são-julianense,RENALDO RAMOS RODRIGUES,291.089,6025,20.7,6131,99.54,0.594,,38338729.22,36274810.13,11258.36
São Lourenço do Piauí,2210359,lourenciano,THIAGO DAMASCENO RIBEIRO SANTANA,673.821,4410,6.54,4497,100.0,0.595,23.26,34377501.12,31877055.88,12450.59
São Luis do Piauí,2210375,sãoluisense,RAIMUNDO RENATO VICENTE DE ARAÚJO SOUSA,238.099,2309,10.6,2277,98.38,0.554,50.0,26722495.95,23207754.74,12313.77
São Miguel da Baixa Grande,2210383,sãomiquelense,FRANCISCO BISPO DAS CHAGAS,444.528,2269,5.1,2299,98.74,0.563,52.63,26962055.62,23567070.73,14503.85
São Miguel do Fidalgo,2210391,fidalguense,ERIMAR SOARES DE SOUSA,813.444,2829,3.48,2864,100.0,0.535,,24494955.55,21272829.89,13020.74
São Miguel do Tapuio,2210409,tapuiense,POMPILIO EVARISTO CARDOSO FILHO,4988.973,17554,3.52,17911,99.76,0.556,13.25,112518553.9,107942491.43,11768.94
São Pedro do Piauí,2210508,são-pedrense,LINDOMAR GONÇALVES DE ALENCAR,518.285,13755,26.54,14055,98.82,0.595,23.81,95265358.96,88245846.75,11592.28
São Raimundo Nonato,2210607,são-raimundense,ROGÉRIO ARAÚJO DE CASTRO,2415.29,38934,16.12,41139,98.86,0.661,8.91,198514381.56,197147316.29,19566.06
Sebastião Barros,2210623,sebastião barrense,PABLO CUSTODIO MENDES DE CARVALHO,893.489,3202,3.58,3210,97.54,0.536,27.78,38018757.71,34191368.49,17981.65
Sebastião Leal,2210631,sebastião-lealense,MANOELINA DE SOUSA BORGES,3148.866,4446,1.41,4590,100.0,0.562,,49433093.35,45713685.09,163047.99
Sigefredo Pacheco,2210656,sigefredense,MURILO BANDEIRA DA SILVA,1031.102,9460,9.17,9623,100.0,0.581,23.26,45983703.56,44761492.85,10254.31
Simões,2210706,simonense,ITALO MAGNO DANTAS LOPES DE CARVALHO,1076.055,14350,13.34,14664,98.92,0.575,19.32,101952887.11,100418911.4,37844.46
Simplício Mendes,2210805,simplício-mendense,MÁRCIO JOSE PINHEIRO MOURA,1360.04,13870,10.2,14437,98.85,0.627,5.62,91769817.59,83928756.07,17066.38
Socorro do Piauí,2210904,socorrense,ADERSON BARBOSA RIBEIRO SÁ FILHO,761.854,4141,5.44,4165,98.83,0.561,,39772215.52,37742053.43,12776.5
Sussuapara,2210938,sussuaparense,NAERTON SILVA MOURA,205.194,6220,30.31,6346,99.58,0.586,29.13,50038685.22,43243361.77,13712.76
Tamboril do Piauí,2210953,tamborilense,GLAUERT COELHO ALMEIDA,1587.296,2949,1.86,3040,100.0,0.501,,31111655.52,31180632.2,13270.12
Tanque do Piauí,2210979,tanquense,NATANAEL SALES DE SOUSA,408.985,2316,5.82,2319,100.0,0.579,34.48,28392014.75,26717187.14,19013.4
Teresina,2211001,teresinense,SILVIO MENDES DE OLIVEIRA FILHO,1387.466,866300,622.66,905692,98.82,0.751,14.71,5396868035.81,5396776250.15,33994.07
União,2211100,unionense,GUSTAVO CONDE MEDEIROS,1170.754,46119,39.39,47896,97.02,0.577,11.15,277359666.18,276802978.28,13207.62
Uruçuí,2211209,uruçuiense,GILBERTO GONÇALVES SILVA JUNIOR,8413.009,25203,3.0,26779,98.14,0.631,20.32,271270050.53,279725953.97,167688.99
Valença do Piauí,2211308,valenciano,MARCELO COSTA E SILVA,1333.722,22279,16.7,23025,99.61,0.647,12.45,99988547.76,107711562.58,17319.61
Várzea Branca,2211357,varzea-branquense,RAIMUNDO NONATO ALVES PAES LANDIM,450.429,5055,11.22,5181,97.59,0.553,,38926087.0,36341161.49,12036.82
Várzea Grande,2211407,várzea-grandense,ROBERT EUDES NUNES DE SOUSA SEGUNDO,236.453,4417,18.68,4520,97.46,0.571,,29766984.07,26329240.96,12375.88
Vera Mendes,2211506,veramendense,CARLOS JOSÉ DA SILVA,341.975,3185,9.31,3282,100.0,0.503,,43553399.42,31424222.11,12180.94
Vila Nova do Piauí,2211605,vilanovense,MANOEL BERNARDO LEAL,221.627,2935,13.24,2972,97.58,0.565,,36340924.74,35747058.25,14283.09
Wall Ferraz,2211704,wal farrazense,LUIZ GUILHERME MAIA DE SOUSA,317.278,4059,15.01,4195,100.0,0.544,,54355707.1,54661060.31,14324.63
